Video ID,Playlist Video Creation Timestamp
EOUTf2Dxo0Y,2024-10-03T06:34:10+00:00
8LVKNHcA6RY,2024-10-03T06:34:06+00:00
uOIPmQrrgnQ,2024-09-30T00:57:12+00:00
mOR1PsR7siU,2024-09-28T05:02:59+00:00
vXZjLcECalo,2024-09-26T21:00:02+00:00
RY5VR8T0vuU,2024-09-25T06:08:53+00:00
m8Icp_Cid5o,2024-09-24T03:12:13+00:00
Jf0cjocP8Wk,2024-09-23T03:39:11+00:00
H1qHUqwmwE8,2024-09-22T10:03:57+00:00
F2FmTdLtb_4,2024-09-21T04:58:12+00:00
0s8KhOBHW7c,2024-09-20T00:56:08+00:00
lwsvHJni0PQ,2024-09-14T23:39:28+00:00
7PNCdOQvrRM,2024-09-03T04:18:58+00:00
oNkXXByw2bc,2024-09-02T18:19:22+00:00
SlUy6y8PCbo,2024-09-02T17:34:43+00:00
bxXZVNc4SVw,2024-09-02T01:14:13+00:00
pZybROKrj2Q,2024-08-22T16:34:51+00:00
iEJwJ1nI_Rc,2024-08-18T20:40:30+00:00
Or9Nn0ZCV9o,2024-08-18T19:28:11+00:00
rnFcC6LQJDs,2024-08-18T01:59:03+00:00
iQv9Y6-khoU,2024-08-10T17:06:14+00:00
hmrnX1Q14gU,2024-07-30T00:37:23+00:00
PyPOUQOs2X0,2024-07-20T15:24:24+00:00
KYipuquvRC0,2024-07-06T10:05:07+00:00
gK0NjFm-Hkk,2024-06-30T18:59:42+00:00
vHaiNVV5O_A,2024-06-23T16:12:37+00:00
3UbjgjfYC-I,2024-06-23T15:47:58+00:00
7iuUVPSSMpI,2024-06-21T16:58:29+00:00
dDUC-LqVrPU,2024-05-09T18:19:20+00:00
GYkZmE_6MpY,2024-05-03T00:09:59+00:00
TWixJN8kdp0,2024-03-28T10:47:38+00:00
Ai7Iu3spsig,2024-01-26T16:11:33+00:00
emn_nqbETco,2024-01-24T14:23:06+00:00
f3GNyvo_bdI,2024-01-23T16:15:20+00:00
oaWtl6UwvmY,2024-01-21T05:40:34+00:00
x1TqLcz_ug0,2024-01-18T16:37:24+00:00
7egQUwYA-Lc,2024-01-14T18:00:39+00:00
9t9Mp0BGnyI,2024-01-12T15:58:43+00:00
Y2ldwg8xsgE,2024-01-10T01:02:00+00:00
prqtXMSdeUw,2024-01-08T17:01:55+00:00
Y1f6nUmeyFg,2024-01-07T20:04:34+00:00
uD_p8Zpa_d8,2024-01-05T00:23:14+00:00
QQzgnKXSpY8,2024-01-01T22:46:14+00:00
pLFjw0zKcgQ,2024-01-01T17:44:06+00:00
RQruBj4EhCA,2024-01-01T01:34:12+00:00
cEJe7bGdbOk,2023-12-31T16:34:31+00:00
N9GaEZlQbuQ,2023-12-30T22:55:25+00:00
NesU1HFlxmo,2023-12-29T22:39:35+00:00
KTuMSkihs2k,2023-12-29T22:37:21+00:00
nhmTTN8ofjw,2023-12-27T19:37:40+00:00
pwCail7Snxs,2023-12-26T04:08:59+00:00
vpwY3nmLLaA,2023-12-26T03:55:53+00:00
bM5BI4MhaZs,2023-12-17T01:51:03+00:00
KQ0SGzuE_xo,2023-12-14T03:04:09+00:00
s336jIfD2ec,2023-12-12T18:26:06+00:00
cfaubxeS5HU,2023-12-12T01:37:43+00:00
BgTKWRpPBkE,2023-12-09T17:19:13+00:00
Lm9SZf2XFCc,2023-12-05T06:31:20+00:00
_ziP_4pouN8,2023-12-04T03:48:26+00:00
891p2CX--xU,2023-12-03T22:49:04+00:00
y8keHm9lyVo,2023-12-03T15:40:57+00:00
nUfWTHbCS78,2023-11-29T01:24:43+00:00
ASQf8FPp4S4,2023-11-29T00:01:03+00:00
Qsz61jH-pso,2023-11-23T13:53:30+00:00
Rcqy92Ik6Uo,2023-11-23T08:56:41+00:00
NYeNKxQGLZQ,2023-11-23T00:27:34+00:00
WymxY46Zbs0,2023-11-21T02:19:23+00:00
39wZRlJwxKY,2023-11-20T00:55:28+00:00
ZDbZZ9UQKKI,2023-11-20T00:43:23+00:00
DcC2e-q5_-Y,2023-11-20T00:36:16+00:00
BNyHqRjMx7o,2023-11-20T00:10:26+00:00
JKXo5RReky4,2023-11-19T05:23:18+00:00
tWybyH21dCM,2023-11-12T01:32:31+00:00
i6NzKvGUsBs,2023-11-10T15:05:13+00:00
zWQey0BHg-Y,2023-11-05T19:08:03+00:00
aZoHStQKANg,2023-11-05T17:08:29+00:00
SCVUnadlQ4c,2023-11-05T16:57:26+00:00
k-mBok2lLfs,2023-11-05T16:47:38+00:00
LKLcJ7Ss4qI,2023-11-05T16:43:03+00:00
kAzdgYl0-lQ,2023-11-04T04:39:23+00:00
rqjO5Z9Lt_M,2023-11-02T01:00:34+00:00
BuI8bRuyBjk,2023-11-01T20:13:11+00:00
U_g63qlLFHw,2023-10-26T03:11:17+00:00
rYC-uvFaa_8,2023-10-24T19:58:54+00:00
4idQbwsvtUo,2023-10-20T01:35:47+00:00
qrvK_KuIeJk,2023-10-16T01:58:22+00:00
CDBd-OaLPQQ,2023-10-12T23:16:48+00:00
PcOa_ZAx2nI,2023-10-12T23:14:29+00:00
PWg4XensgaU,2023-10-12T23:07:36+00:00
FjZI71QyuJU,2023-10-08T18:27:48+00:00
koEppmNnT0A,2023-10-08T16:24:26+00:00
vbSd1VaJBP0,2023-10-06T01:13:50+00:00
f4LeWlt3T8Y,2023-09-27T18:02:04+00:00
0lvDojeFL-I,2023-09-26T23:29:28+00:00
PdGMnAt2sRY,2023-09-23T20:48:10+00:00
LhnCsygAvzY,2023-09-21T04:41:26+00:00
b_YD2DltwEU,2023-09-16T08:07:48+00:00
lyKB0f0UBoE,2023-09-16T08:07:13+00:00
EJHPltmAULA,2023-09-12T13:43:48+00:00
gORVn71fxZA,2023-09-12T13:42:21+00:00
8dTpNajxaH0,2023-09-10T18:07:08+00:00
uiVC9J-A_68,2023-09-10T16:24:48+00:00
RztJGuhC5so,2023-09-09T22:54:36+00:00
ea4o-zj5y2Y,2023-09-09T22:51:06+00:00
AToXA0Molig,2023-09-05T06:03:43+00:00
KVDKWrsP3es,2023-09-05T06:03:05+00:00
IluKcbamqfk,2023-09-05T06:02:44+00:00
8Y0o2aBzfWg,2023-09-04T05:03:31+00:00
NbPY4n9-YNw,2023-09-03T01:40:46+00:00
csjdI65TNX8,2023-08-27T16:03:44+00:00
uCM0Tvp6Dko,2023-08-26T20:10:39+00:00
VIgrJBkw9mE,2023-08-26T20:09:59+00:00
SjTh_IVEHQg,2023-08-19T14:07:21+00:00
PjHinnC1xCE,2023-08-18T21:06:59+00:00
xZDB1naRUlk,2023-08-18T13:56:27+00:00
NAyKpcOdHLE,2023-08-17T19:34:10+00:00
5NgNicANyqM,2023-08-17T19:33:57+00:00
U42e0lLesms,2023-08-15T23:25:32+00:00
cvRLxoL9eQc,2023-08-15T23:10:42+00:00
PBt0owcHvAY,2023-08-09T07:13:34+00:00
wH_rbLjU_ec,2023-08-07T07:20:49+00:00
RSO9F_InD-Y,2023-08-05T07:43:25+00:00
h8Jth_ijZyY,2023-08-04T01:17:10+00:00
Cgyz7NNuV1M,2023-08-02T22:16:25+00:00
YxLm0jmazq8,2023-08-02T05:25:07+00:00
tlUu2zz8k5M,2023-08-01T00:54:52+00:00
uTxRF5ag27A,2023-07-31T20:41:04+00:00
MTGOKvqaONQ,2023-07-28T20:32:21+00:00
CC2W3KhaBsM,2023-07-28T20:32:09+00:00
c_nCjlSB1Zk,2023-07-27T00:24:09+00:00
0tM-l_ZsxjU,2023-07-18T16:45:58+00:00
3c8sCDdq4Fo,2023-07-15T08:08:28+00:00
vvU3Dn_8sFI,2023-07-13T02:52:21+00:00
nTiR3N3xWRA,2023-07-02T21:46:42+00:00
dRkOjwqV-3c,2023-06-29T07:49:22+00:00
IGu7ivuy1Ag,2023-06-28T04:55:59+00:00
_ZS3Oqg1AX0,2023-06-28T04:55:49+00:00
nbikg8KKMIc,2023-06-25T02:56:41+00:00
JAm7XmYognY,2023-06-25T02:05:12+00:00
iHBgNGnTiK4,2023-06-25T01:03:00+00:00
O5zDfmKiYLQ,2023-06-23T10:15:50+00:00
wPonuHqbNds,2023-06-23T01:55:42+00:00
hYBa0XsqyuE,2023-06-22T14:14:28+00:00
Rm-lUtht32s,2023-06-21T05:32:11+00:00
uz-FxJDukrQ,2023-06-21T05:15:48+00:00
numW5R5YQhg,2023-06-21T05:00:32+00:00
GhhyqdgzVJA,2023-06-21T05:00:25+00:00
DUKq0PdZAos,2023-06-21T04:42:32+00:00
5GYAjz0QMng,2023-06-21T04:42:28+00:00
T5xmyBGzWyA,2023-06-21T04:41:49+00:00
i5hXPL-P540,2023-06-21T04:41:43+00:00
el6T8MWBSQ8,2023-06-21T04:41:39+00:00
8M72TSsuKRw,2023-06-21T04:41:10+00:00
YSR-aBsC_2w,2023-06-21T04:40:58+00:00
dXOG6Nu-lbI,2023-06-21T04:05:55+00:00
UQe5lDNfovY,2023-06-21T03:46:18+00:00
S0YomVb5d3s,2023-06-21T03:36:25+00:00
v1UC2n1HxYA,2023-06-21T03:25:33+00:00
oEqvBuW9-Z8,2023-06-21T03:25:21+00:00
Y1ufNdsP2K4,2023-06-21T03:24:13+00:00
Oc1IaINo-1I,2023-06-21T03:23:42+00:00
tSL_HcMN8qk,2023-06-21T03:22:58+00:00
_7Bc8bcE24E,2023-06-21T03:22:31+00:00
PPoHNBJ6quo,2023-06-21T03:22:09+00:00
uH4aJhSKBhQ,2023-06-21T03:21:46+00:00
OiRLvUMUDGM,2023-06-17T03:32:32+00:00
6N60EEi-gCY,2023-06-11T23:23:23+00:00
PSs6nxngL6k,2023-06-11T17:55:10+00:00
rGgGOccMEiY,2023-06-11T04:49:25+00:00
s4xoeDCgXVw,2023-06-10T21:18:00+00:00
ewbDN3udRqg,2023-06-10T11:25:35+00:00
LS1W1u9IsMQ,2023-06-08T23:14:06+00:00
H1hdQdcM-H4,2023-06-08T23:13:34+00:00
Ff4fRgnuFgQ,2023-06-08T23:13:05+00:00
Qu6my9b2FWg,2023-06-08T03:15:12+00:00
lC2uPDfaTcE,2023-06-08T03:14:22+00:00
ls7ht6XU5hs,2023-06-06T19:27:40+00:00
zbdong_h-x4,2023-06-06T00:25:49+00:00
4N6yyXdYUU4,2023-06-05T23:47:34+00:00
plK2WVdLTOY,2023-06-02T00:47:24+00:00
3ruBLI4cl1E,2023-05-31T17:05:27+00:00
jlogLBkPZ2A,2023-05-31T07:13:17+00:00
XfpMkf4rD6E,2023-05-24T04:52:32+00:00
XUVaDLcHtqg,2023-05-19T03:47:17+00:00
GizsSo-EevA,2023-05-18T19:19:09+00:00
jxSPx1bfl2M,2023-05-16T08:25:48+00:00
dBEd8kY4gnA,2023-05-16T08:25:17+00:00
oz9eXEKRL6w,2023-05-15T20:22:26+00:00
dA-NhCtrrVE,2023-05-14T03:17:27+00:00
vDDjtwQDw2k,2023-05-12T04:14:58+00:00
CTA7-Bsa9U4,2023-05-12T03:35:52+00:00
PaaORBYD3uc,2023-05-11T23:53:06+00:00
fVfOzqG6xXY,2023-05-02T03:42:40+00:00
 -rxp85tSxTg,2023-05-02T03:42:25+00:00
PH9RQ6Yx75c,2023-04-30T07:17:31+00:00
8ePu81ssU4M,2023-04-30T07:16:04+00:00
vODSFXEP-XY,2023-04-30T07:15:59+00:00
ne4guurtnVI,2023-04-30T07:14:27+00:00
8eNCZksi28U,2023-04-30T07:14:23+00:00
sbUgb2OPpdM,2023-04-30T07:14:08+00:00
9cT73O9zLko,2023-04-30T07:13:29+00:00
yfqqWu1TqO8,2023-04-30T07:11:59+00:00
7JgaXMcNTJ8,2023-04-30T07:11:54+00:00
 -xee0Ds0mU8,2023-04-30T07:11:46+00:00
oR_RAp73ra0,2023-04-30T07:11:26+00:00
17RwfI0gtnk,2023-04-30T07:11:00+00:00
Wmo2vR7U9ck,2023-04-28T05:45:11+00:00
IxdGyqhppis,2023-04-19T03:02:54+00:00
wzKA1SVdoSY,2023-04-11T02:23:33+00:00
BY9KV8uCtj4,2023-04-07T17:28:17+00:00
wNiyp89pTi0,2023-03-30T04:02:18+00:00
Yf1o0TQzry8,2023-03-30T03:41:33+00:00
H1KP4ztKK0A,2023-03-29T23:30:09+00:00
z5WZhCBRDpU,2023-03-24T22:56:44+00:00
85hi7rUzRkY,2023-03-05T04:07:53+00:00
bPoOvy3elD8,2023-02-16T02:34:37+00:00





